imgName,subId,response,rt,nClicks,congruency,valueDiff,saliencyLocation,correctness
flippedimg_12,5d852b272a218500015f6147,Left,7.178,3,0,0.4,0,1
flippedimg_12,5ea96851a879f0059741c4cb,Left,7.765,1,0,0.4,0,1
flippedimg_12,5dc4177635fd0c2de2b2194a,Left,7.809,1,0,0.4,0,1
flippedimg_12,5bfda58206c0910001be3d14,Left,4.161,1,0,0.4,0,1
flippedimg_12,5de021677f57a309bfc56ac6,Left,7.146,2,0,0.4,0,1
flippedimg_12,5f23157170fcfd08d6b5ab55,Left,6.884,1,0,0.4,0,1
flippedimg_12,5e90f207f9c9d141f4b14def,Left,8.366,1,0,0.4,0,1
flippedimg_12,5a140bdc5d06850001b007bd,Left,1.624,1,0,0.4,0,1
flippedimg_12,5ddbeaff798297b3928a0850,Left,1.39,2,0,0.4,0,1
flippedimg_12,5ebdb1414b3e5d0e1e46e76d,Left,7.016,1,0,0.4,0,1
flippedimg_12,5efec0cffc86a73c9cf173e7,Left,8.732,1,0,0.4,0,1
flippedimg_12,5c8839294b0de2000135270f,Left,5.196,1,0,0.4,0,1
flippedimg_12,5e7885df81606d3f5e51cb5e,Left,4.766,2,0,0.4,0,1
flippedimg_12,5f2351d2da440d0575c75dec,Left,7.271,1,0,0.4,0,1
flippedimg_12,5e9ca45fd662f21da7c2ac6e,Left,6.839,1,0,0.4,0,1
flippedimg_12,5ee389a50d2973011b577b23,Left,9.763,3,0,0.4,0,1
flippedimg_12,5f23525ad6bca511d420f843,Left,2.086,1,0,0.4,0,1
flippedimg_12,5e106c1019232d75243365ba,Left,6.972,2,0,0.4,0,1
flippedimg_12,5d4556c5d1f123001716bae3,Left,5.968,3,0,0.4,0,1
flippedimg_12,5dcb016991c2ba7e029b6545,Left,0.459,1,0,0.4,0,1
flippedimg_12,5cf23dc994df330018876744,Left,2.925,1,0,0.4,0,1
flippedimg_12,579540d016a091000112cdf5,Left,3.284,1,0,0.4,0,1
flippedimg_12,5eea4d6485ba010cd59c2107,Left,3.119,1,0,0.4,0,1
flippedimg_12,5ede038270fe0e000ab7ae54,Left,3.5,1,0,0.4,0,1
flippedimg_12,59d7a9a250f88f000161eb07,Left,2.139,1,0,0.4,0,1
flippedimg_12,5f204b5558c81f30e9860972,Left,5.87,1,0,0.4,0,1
flippedimg_12,5b910e2aa067840001b100af,Left,3.8,1,0,0.4,0,1
flippedimg_12,5ad2d9fafb109b0001a32749,Left,9.13,3,0,0.4,0,1
flippedimg_12,5f1e174460bf5d7ad7a63b8e,Left,1.986,1,0,0.4,0,1
flippedimg_12,5d62f080d556f20001807aa2,Left,0,0,0,0.4,0,
flippedimg_12,5ecfdd84dc64e1061b97e321,Left,4.66,1,0,0.4,0,1
flippedimg_12,5f136401b1f46a36f39a8c72,Left,4.224,1,0,0.4,0,1
flippedimg_18,5ea96851a879f0059741c4cb,Left,7.635,2,0,0.4,0,1
flippedimg_18,5bfda58206c0910001be3d14,Left,5.954,1,0,0.4,0,1
flippedimg_18,5de021677f57a309bfc56ac6,Left,6.787,3,0,0.4,0,1
flippedimg_18,5f23157170fcfd08d6b5ab55,Left,9.474,2,0,0.4,0,1
flippedimg_18,5eb07222f887980fd34f6889,Left,7.827,2,0,0.4,0,1
flippedimg_18,5ddbeaff798297b3928a0850,Left,4.778,2,0,0.4,0,1
flippedimg_18,5f2351d2da440d0575c75dec,Left,4.93,1,0,0.4,0,1
flippedimg_18,5ee389a50d2973011b577b23,Left,3.418,3,0,0.4,0,1
flippedimg_18,5b74641086b60700014ef85c,Left,3.172,1,0,0.4,0,1
flippedimg_18,5cab5929291df900165c1ff9,Left,9.774,2,0,0.4,0,1
flippedimg_18,5f23525ad6bca511d420f843,Left,9.77,1,0,0.4,0,1
flippedimg_18,5e106c1019232d75243365ba,Left,9.4,2,0,0.4,0,1
flippedimg_18,5d4556c5d1f123001716bae3,Left,2.696,1,0,0.4,0,1
flippedimg_18,5dcb016991c2ba7e029b6545,Left,0.655,1,0,0.4,0,1
flippedimg_18,5e6ff43e18d1a809cd0b836a,Left,2.037,1,0,0.4,0,1
flippedimg_18,5cf23dc994df330018876744,Left,3.406,1,0,0.4,0,1
flippedimg_18,579540d016a091000112cdf5,Left,9.861,1,0,0.4,0,1
flippedimg_18,5eea4d6485ba010cd59c2107,Left,9.436,2,0,0.4,0,1
flippedimg_18,5ede038270fe0e000ab7ae54,Left,5.045,1,0,0.4,0,1
flippedimg_18,5a910c8a6475f900019f8cbc,Left,9.209,1,0,0.4,0,1
flippedimg_18,59d7a9a250f88f000161eb07,Left,8.293,1,0,0.4,0,1
flippedimg_18,5b910e2aa067840001b100af,Left,4.85,1,0,0.4,0,1
flippedimg_18,5ad2d9fafb109b0001a32749,Left,6.361,2,0,0.4,0,1
flippedimg_18,5f1e174460bf5d7ad7a63b8e,Left,3.811,1,0,0.4,0,1
flippedimg_18,5d62f080d556f20001807aa2,Left,5.763,1,0,0.4,0,1
flippedimg_18,5ecfdd84dc64e1061b97e321,Left,5.32,1,0,0.4,0,1
flippedimg_18,5b69032cecb6340001b0cc05,Left,6.442,1,0,0.4,0,1
flippedimg_18,5eb71d89ed8104645e640ad7,Left,5.595,1,0,0.4,0,1
flippedimg_18,5f136401b1f46a36f39a8c72,Left,8.796,1,0,0.4,0,1
flippedimg_25,5f136401b1f46a36f39a8c72,Left,1.498,1,1,-4,0,0
flippedimg_29,5efec0cffc86a73c9cf173e7,Left,5.072,2,0,-0.5,1,0
flippedimg_29,5ee389a50d2973011b577b23,Left,5.529,3,0,-0.5,1,0
flippedimg_29,59d7a9a250f88f000161eb07,Left,2.296,1,0,-0.5,1,0
flippedimg_30,5f12702f38faee1c06433bf8,Left,2.6,1,0,-1.4,1,0
flippedimg_30,5efec0cffc86a73c9cf173e7,Left,3.408,1,0,-1.4,1,0
flippedimg_30,5d4556c5d1f123001716bae3,Left,4.561,1,0,-1.4,1,0
flippedimg_30,579540d016a091000112cdf5,Left,6.486,1,0,-1.4,1,0
flippedimg_30,5ede038270fe0e000ab7ae54,Left,3.691,1,0,-1.4,1,0
flippedimg_30,5a910c8a6475f900019f8cbc,Left,9.1,1,0,-1.4,1,0
flippedimg_52,5d852b272a218500015f6147,Left,1.811,2,1,-0.4,0,0
flippedimg_52,5ea96851a879f0059741c4cb,Left,1.17,1,1,-0.4,0,0
flippedimg_52,5bfda58206c0910001be3d14,Left,1.357,1,1,-0.4,0,0
flippedimg_52,5de021677f57a309bfc56ac6,Left,5.17,1,1,-0.4,0,0
flippedimg_52,5a140bdc5d06850001b007bd,Left,3.376,1,1,-0.4,0,0
flippedimg_52,5e9ca45fd662f21da7c2ac6e,Left,3.281,1,1,-0.4,0,0
flippedimg_52,5a910c8a6475f900019f8cbc,Left,9.379,1,1,-0.4,0,0
flippedimg_52,5ce998fda20e6000170c5ce8,Left,1.163,1,1,-0.4,0,0
flippedimg_52,5b910e2aa067840001b100af,Left,7.132,2,1,-0.4,0,0
flippedimg_53,5a140bdc5d06850001b007bd,Left,9.4,2,1,-0.8,0,0
flippedimg_53,5e7885df81606d3f5e51cb5e,Left,6.494,4,1,-0.8,0,0
flippedimg_54,5d852b272a218500015f6147,Left,2.374,2,1,-0.4,0,0
flippedimg_54,5c6d74852f21670001f8eacb,Left,5.671,1,1,-0.4,0,0
flippedimg_54,5e90f207f9c9d141f4b14def,Left,3.286,1,1,-0.4,0,0
flippedimg_54,5a140bdc5d06850001b007bd,Left,5.561,1,1,-0.4,0,0
flippedimg_54,5de93d9ae045e206b871af2c,Left,1.106,1,1,-0.4,0,0
flippedimg_54,5d92b4debda22b00179a2edf,Left,5.289,1,1,-0.4,0,0
flippedimg_54,59d7a9a250f88f000161eb07,Left,4.93,1,1,-0.4,0,0
flippedimg_54,5b910e2aa067840001b100af,Left,7.248,1,1,-0.4,0,0
flippedimg_54,5f033543945c554f816f6ad7,Left,3.401,1,1,-0.4,0,0
flippedimg_54,5eb71d89ed8104645e640ad7,Left,6.058,1,1,-0.4,0,0
flippedimg_6,5dc4177635fd0c2de2b2194a,Left,3.546,1,0,0.4,0,1
flippedimg_6,5eb07222f887980fd34f6889,Left,7.014,2,0,0.4,0,1
flippedimg_6,5f12702f38faee1c06433bf8,Left,6.985,1,0,0.4,0,1
flippedimg_6,5ddbeaff798297b3928a0850,Left,0,0,0,0.4,0,
flippedimg_6,5efec0cffc86a73c9cf173e7,Left,5.515,2,0,0.4,0,1
flippedimg_6,5e7885df81606d3f5e51cb5e,Left,6.832,2,0,0.4,0,1
flippedimg_6,5ee389a50d2973011b577b23,Left,8.812,3,0,0.4,0,1
flippedimg_6,5b74641086b60700014ef85c,Left,3.255,1,0,0.4,0,1
flippedimg_6,5f23525ad6bca511d420f843,Left,6.641,1,0,0.4,0,1
flippedimg_6,5d4556c5d1f123001716bae3,Left,5.137,1,0,0.4,0,1
flippedimg_6,5dcb016991c2ba7e029b6545,Left,1.786,1,0,0.4,0,1
flippedimg_6,5e6ff43e18d1a809cd0b836a,Left,3.775,3,0,0.4,0,1
flippedimg_6,5cf23dc994df330018876744,Left,5.123,1,0,0.4,0,1
flippedimg_6,579540d016a091000112cdf5,Left,8.382,1,0,0.4,0,1
flippedimg_6,5eea4d6485ba010cd59c2107,Left,2.732,1,0,0.4,0,1
flippedimg_6,5d92b4debda22b00179a2edf,Left,6.256,3,0,0.4,0,1
flippedimg_6,5ede038270fe0e000ab7ae54,Left,4.054,1,0,0.4,0,1
flippedimg_6,5a910c8a6475f900019f8cbc,Left,8.906,1,0,0.4,0,1
flippedimg_6,5b910e2aa067840001b100af,Left,5.602,1,0,0.4,0,1
flippedimg_6,5ad2d9fafb109b0001a32749,Left,7.941,3,0,0.4,0,1
flippedimg_6,5f1e174460bf5d7ad7a63b8e,Left,3.625,1,0,0.4,0,1
flippedimg_6,5d62f080d556f20001807aa2,Left,2.516,1,0,0.4,0,1
flippedimg_6,5ecfdd84dc64e1061b97e321,Left,4.239,1,0,0.4,0,1
flippedimg_6,5eb71d89ed8104645e640ad7,Left,9.204,1,0,0.4,0,1
flippedimg_6,5f136401b1f46a36f39a8c72,Left,8.865,1,0,0.4,0,1
flippedimg_9,5a910c8a6475f900019f8cbc,Left,2.597,1,0,-4,1,0
img_10,5d61c41048b8f1001915f01f,Left,4.098,2,1,1.4,1,1
img_10,5d852b272a218500015f6147,Left,3.52,3,1,1.4,1,1
img_10,5ea96851a879f0059741c4cb,Left,1.403,1,1,1.4,1,1
img_10,5dc4177635fd0c2de2b2194a,Left,3.177,1,1,1.4,1,1
img_10,5c6d74852f21670001f8eacb,Left,1.318,1,1,1.4,1,1
img_10,5bfda58206c0910001be3d14,Left,0,0,1,1.4,1,
img_10,5de021677f57a309bfc56ac6,Left,3.032,1,1,1.4,1,1
img_10,5f23157170fcfd08d6b5ab55,Left,2.546,1,1,1.4,1,1
img_10,5e90f207f9c9d141f4b14def,Left,1.07,1,1,1.4,1,1
img_10,5eb07222f887980fd34f6889,Left,6.899,3,1,1.4,1,1
img_10,5a140bdc5d06850001b007bd,Left,2.006,1,1,1.4,1,1
img_10,5ddbeaff798297b3928a0850,Left,1.701,2,1,1.4,1,1
img_10,5ebdb1414b3e5d0e1e46e76d,Left,2.404,1,1,1.4,1,1
img_10,5efec0cffc86a73c9cf173e7,Left,2.336,1,1,1.4,1,1
img_10,5de93d9ae045e206b871af2c,Left,0.666,1,1,1.4,1,1
img_10,5c8839294b0de2000135270f,Left,1.912,1,1,1.4,1,1
img_10,5e7885df81606d3f5e51cb5e,Left,8.673,3,1,1.4,1,1
img_10,5f2351d2da440d0575c75dec,Left,3.64,1,1,1.4,1,1
img_10,5e9ca45fd662f21da7c2ac6e,Left,1.653,1,1,1.4,1,1
img_10,5ee389a50d2973011b577b23,Left,4.174,3,1,1.4,1,1
img_10,5b74641086b60700014ef85c,Left,0,0,1,1.4,1,
img_10,5cab5929291df900165c1ff9,Left,3.225,1,1,1.4,1,1
img_10,5f23525ad6bca511d420f843,Left,6.553,1,1,1.4,1,1
img_10,5e106c1019232d75243365ba,Left,7.215,2,1,1.4,1,1
img_10,5d4556c5d1f123001716bae3,Left,1.957,1,1,1.4,1,1
img_10,5dcb016991c2ba7e029b6545,Left,0,0,1,1.4,1,
img_10,5e6ff43e18d1a809cd0b836a,Left,2.548,1,1,1.4,1,1
img_10,5cf23dc994df330018876744,Left,1.815,1,1,1.4,1,1
img_10,579540d016a091000112cdf5,Left,5.295,1,1,1.4,1,1
img_10,5eea4d6485ba010cd59c2107,Left,0,0,1,1.4,1,
img_10,5d92b4debda22b00179a2edf,Left,1.377,1,1,1.4,1,1
img_10,5ede038270fe0e000ab7ae54,Left,1.527,1,1,1.4,1,1
img_10,5a910c8a6475f900019f8cbc,Left,9.114,1,1,1.4,1,1
img_10,5ce998fda20e6000170c5ce8,Left,1.046,1,1,1.4,1,1
img_10,59d7a9a250f88f000161eb07,Left,1.782,1,1,1.4,1,1
img_10,5f204b5558c81f30e9860972,Left,1.22,1,1,1.4,1,1
img_10,5b910e2aa067840001b100af,Left,0,0,1,1.4,1,
img_10,5ad2d9fafb109b0001a32749,Left,5.483,2,1,1.4,1,1
img_10,5d62f080d556f20001807aa2,Left,2.877,1,1,1.4,1,1
img_10,5ecfdd84dc64e1061b97e321,Left,1.388,1,1,1.4,1,1
img_10,5f033543945c554f816f6ad7,Left,5.05,1,1,1.4,1,1
img_10,5f136401b1f46a36f39a8c72,Left,8.928,1,1,1.4,1,1
img_15,5d61c41048b8f1001915f01f,Left,0,0,0,2.3,0,
img_15,5d852b272a218500015f6147,Left,3.048,2,0,2.3,0,1
img_15,5ea96851a879f0059741c4cb,Left,1.827,1,0,2.3,0,1
img_15,5dc4177635fd0c2de2b2194a,Left,3.696,1,0,2.3,0,1
img_15,5c6d74852f21670001f8eacb,Left,1.646,1,0,2.3,0,1
img_15,5bfda58206c0910001be3d14,Left,0.519,1,0,2.3,0,1
img_15,5de021677f57a309bfc56ac6,Left,4.152,1,0,2.3,0,1
img_15,5f23157170fcfd08d6b5ab55,Left,1.777,1,0,2.3,0,1
img_15,5e90f207f9c9d141f4b14def,Left,1.284,1,0,2.3,0,1
img_15,5eb07222f887980fd34f6889,Left,5.046,2,0,2.3,0,1
img_15,5f12702f38faee1c06433bf8,Left,3.48,1,0,2.3,0,1
img_15,5a140bdc5d06850001b007bd,Left,7.498,2,0,2.3,0,1
img_15,5ddbeaff798297b3928a0850,Left,5.143,2,0,2.3,0,1
img_15,5ebdb1414b3e5d0e1e46e76d,Left,2.539,1,0,2.3,0,1
img_15,5efec0cffc86a73c9cf173e7,Left,0,0,0,2.3,0,
img_15,5de93d9ae045e206b871af2c,Left,1.303,1,0,2.3,0,1
img_15,5c8839294b0de2000135270f,Left,1.929,1,0,2.3,0,1
img_15,5e7885df81606d3f5e51cb5e,Left,7.295,3,0,2.3,0,1
img_15,5f2351d2da440d0575c75dec,Left,1.307,1,0,2.3,0,1
img_15,5e9ca45fd662f21da7c2ac6e,Left,1.259,1,0,2.3,0,1
img_15,5ee389a50d2973011b577b23,Left,5.816,1,0,2.3,0,1
img_15,5cab5929291df900165c1ff9,Left,8.421,1,0,2.3,0,1
img_15,5f23525ad6bca511d420f843,Left,3.12,1,0,2.3,0,1
img_15,5dcb016991c2ba7e029b6545,Left,0,0,0,2.3,0,
img_15,5e6ff43e18d1a809cd0b836a,Left,0,0,0,2.3,0,
img_15,5cf23dc994df330018876744,Left,2.631,1,0,2.3,0,1
img_15,579540d016a091000112cdf5,Left,8.184,1,0,2.3,0,1
img_15,5eea4d6485ba010cd59c2107,Left,0,0,0,2.3,0,
img_15,5d92b4debda22b00179a2edf,Left,5.899,1,0,2.3,0,1
img_15,5ede038270fe0e000ab7ae54,Left,2.768,1,0,2.3,0,1
img_15,5a910c8a6475f900019f8cbc,Left,8.611,1,0,2.3,0,1
img_15,5ce998fda20e6000170c5ce8,Left,1.012,1,0,2.3,0,1
img_15,59d7a9a250f88f000161eb07,Left,2.665,1,0,2.3,0,1
img_15,5f204b5558c81f30e9860972,Left,0,0,0,2.3,0,
img_15,5b910e2aa067840001b100af,Left,0,0,0,2.3,0,
img_15,5ad2d9fafb109b0001a32749,Left,8.404,4,0,2.3,0,1
img_15,5d62f080d556f20001807aa2,Left,0.986,1,0,2.3,0,1
img_15,5ecfdd84dc64e1061b97e321,Left,0.741,1,0,2.3,0,1
img_15,5f033543945c554f816f6ad7,Left,2.215,1,0,2.3,0,1
img_15,5b69032cecb6340001b0cc05,Left,2.603,1,0,2.3,0,1
img_15,5eb71d89ed8104645e640ad7,Left,4.715,1,0,2.3,0,1
img_15,5f136401b1f46a36f39a8c72,Left,2.32,1,0,2.3,0,1
img_17,5d61c41048b8f1001915f01f,Left,1.02,2,0,-0.4,1,0
img_17,5d852b272a218500015f6147,Left,2.318,2,0,-0.4,1,0
img_17,5ea96851a879f0059741c4cb,Left,1.949,1,0,-0.4,1,0
img_17,5c6d74852f21670001f8eacb,Left,2.115,1,0,-0.4,1,0
img_17,5bfda58206c0910001be3d14,Left,0.005,1,0,-0.4,1,0
img_17,5eb07222f887980fd34f6889,Left,8.505,2,0,-0.4,1,0
img_17,5f12702f38faee1c06433bf8,Left,4.319,1,0,-0.4,1,0
img_17,5a140bdc5d06850001b007bd,Left,2.435,1,0,-0.4,1,0
img_17,5de93d9ae045e206b871af2c,Left,7.61,1,0,-0.4,1,0
img_17,5f2351d2da440d0575c75dec,Left,6.789,1,0,-0.4,1,0
img_17,5e9ca45fd662f21da7c2ac6e,Left,2.269,1,0,-0.4,1,0
img_17,5ee389a50d2973011b577b23,Left,8.016,3,0,-0.4,1,0
img_17,5b74641086b60700014ef85c,Left,1.685,1,0,-0.4,1,0
img_17,5d4556c5d1f123001716bae3,Left,4.728,1,0,-0.4,1,0
img_17,5dcb016991c2ba7e029b6545,Left,0,0,0,-0.4,1,
img_17,5cf23dc994df330018876744,Left,5.335,1,0,-0.4,1,0
img_17,5eea4d6485ba010cd59c2107,Left,7.861,1,0,-0.4,1,0
img_17,5d92b4debda22b00179a2edf,Left,2.628,1,0,-0.4,1,0
img_17,5ede038270fe0e000ab7ae54,Left,4.611,2,0,-0.4,1,0
img_17,5ce998fda20e6000170c5ce8,Left,1.058,1,0,-0.4,1,0
img_17,5f204b5558c81f30e9860972,Left,5.103,1,0,-0.4,1,0
img_17,5b910e2aa067840001b100af,Left,0,0,0,-0.4,1,
img_17,5f033543945c554f816f6ad7,Left,2.82,1,0,-0.4,1,0
img_27,5d61c41048b8f1001915f01f,Left,0,0,1,4,1,
img_27,5d852b272a218500015f6147,Left,2.474,2,1,4,1,1
img_27,5ea96851a879f0059741c4cb,Left,4.03,1,1,4,1,1
img_27,5dc4177635fd0c2de2b2194a,Left,3.039,1,1,4,1,1
img_27,5c6d74852f21670001f8eacb,Left,2.781,1,1,4,1,1
img_27,5bfda58206c0910001be3d14,Left,0,0,1,4,1,
img_27,5de021677f57a309bfc56ac6,Left,2.92,1,1,4,1,1
img_27,5f23157170fcfd08d6b5ab55,Left,6.415,1,1,4,1,1
img_27,5e90f207f9c9d141f4b14def,Left,1.858,1,1,4,1,1
img_27,5eb07222f887980fd34f6889,Left,6.008,2,1,4,1,1
img_27,5f12702f38faee1c06433bf8,Left,4.606,1,1,4,1,1
img_27,5a140bdc5d06850001b007bd,Left,1.508,1,1,4,1,1
img_27,5ddbeaff798297b3928a0850,Left,2.701,2,1,4,1,1
img_27,5ebdb1414b3e5d0e1e46e76d,Left,3.605,1,1,4,1,1
img_27,5de93d9ae045e206b871af2c,Left,0.952,1,1,4,1,1
img_27,5c8839294b0de2000135270f,Left,0,0,1,4,1,
img_27,5e7885df81606d3f5e51cb5e,Left,6.049,3,1,4,1,1
img_27,5f2351d2da440d0575c75dec,Left,2.742,1,1,4,1,1
img_27,5e9ca45fd662f21da7c2ac6e,Left,2.31,1,1,4,1,1
img_27,5ee389a50d2973011b577b23,Left,6.533,2,1,4,1,1
img_27,5b74641086b60700014ef85c,Left,1.972,1,1,4,1,1
img_27,5cab5929291df900165c1ff9,Left,3.874,1,1,4,1,1
img_27,5f23525ad6bca511d420f843,Left,2.01,1,1,4,1,1
img_27,5e106c1019232d75243365ba,Left,8.102,2,1,4,1,1
img_27,5d4556c5d1f123001716bae3,Left,2.607,1,1,4,1,1
img_27,5dcb016991c2ba7e029b6545,Left,0.586,1,1,4,1,1
img_27,5e6ff43e18d1a809cd0b836a,Left,0,0,1,4,1,
img_27,5cf23dc994df330018876744,Left,2.694,1,1,4,1,1
img_27,579540d016a091000112cdf5,Left,3.271,1,1,4,1,1
img_27,5eea4d6485ba010cd59c2107,Left,0,0,1,4,1,
img_27,5d92b4debda22b00179a2edf,Left,1.938,1,1,4,1,1
img_27,5ede038270fe0e000ab7ae54,Left,2.047,1,1,4,1,1
img_27,5a910c8a6475f900019f8cbc,Left,5.2,1,1,4,1,1
img_27,5ce998fda20e6000170c5ce8,Left,1.798,1,1,4,1,1
img_27,59d7a9a250f88f000161eb07,Left,4.088,1,1,4,1,1
img_27,5f204b5558c81f30e9860972,Left,0,0,1,4,1,
img_27,5b910e2aa067840001b100af,Left,3.259,1,1,4,1,1
img_27,5ad2d9fafb109b0001a32749,Left,6.779,2,1,4,1,1
img_27,5f1e174460bf5d7ad7a63b8e,Left,1.82,1,1,4,1,1
img_27,5d62f080d556f20001807aa2,Left,2.387,1,1,4,1,1
img_27,5ecfdd84dc64e1061b97e321,Left,1.426,1,1,4,1,1
img_27,5f033543945c554f816f6ad7,Left,3.501,1,1,4,1,1
img_27,5b69032cecb6340001b0cc05,Left,2.222,1,1,4,1,1
img_27,5eb71d89ed8104645e640ad7,Left,2.22,1,1,4,1,1
img_28,5d852b272a218500015f6147,Left,2.022,2,1,0.5,1,1
img_28,5ea96851a879f0059741c4cb,Left,2.197,1,1,0.5,1,1
img_28,5dc4177635fd0c2de2b2194a,Left,5.164,1,1,0.5,1,1
img_28,5c6d74852f21670001f8eacb,Left,2.335,1,1,0.5,1,1
img_28,5bfda58206c0910001be3d14,Left,1.596,1,1,0.5,1,1
img_28,5f23157170fcfd08d6b5ab55,Left,5.025,1,1,0.5,1,1
img_28,5e90f207f9c9d141f4b14def,Left,1.216,1,1,0.5,1,1
img_28,5a140bdc5d06850001b007bd,Left,5.68,1,1,0.5,1,1
img_28,5ddbeaff798297b3928a0850,Left,3.178,2,1,0.5,1,1
img_28,5efec0cffc86a73c9cf173e7,Left,2.857,1,1,0.5,1,1
img_28,5de93d9ae045e206b871af2c,Left,0,0,1,0.5,1,
img_28,5c8839294b0de2000135270f,Left,0.386,1,1,0.5,1,1
img_28,5e7885df81606d3f5e51cb5e,Left,7.493,4,1,0.5,1,1
img_28,5f2351d2da440d0575c75dec,Left,4.844,1,1,0.5,1,1
img_28,5e9ca45fd662f21da7c2ac6e,Left,1.61,1,1,0.5,1,1
img_28,5b74641086b60700014ef85c,Left,3.108,1,1,0.5,1,1
img_28,5cab5929291df900165c1ff9,Left,4.501,1,1,0.5,1,1
img_28,5f23525ad6bca511d420f843,Left,1.793,1,1,0.5,1,1
img_28,5dcb016991c2ba7e029b6545,Left,2.03,1,1,0.5,1,1
img_28,5e6ff43e18d1a809cd0b836a,Left,5.982,2,1,0.5,1,1
img_28,5cf23dc994df330018876744,Left,3.931,2,1,0.5,1,1
img_28,5eea4d6485ba010cd59c2107,Left,0.717,1,1,0.5,1,1
img_28,5d92b4debda22b00179a2edf,Left,5.076,1,1,0.5,1,1
img_28,5ede038270fe0e000ab7ae54,Left,7.883,1,1,0.5,1,1
img_28,5ce998fda20e6000170c5ce8,Left,0.999,1,1,0.5,1,1
img_28,59d7a9a250f88f000161eb07,Left,6.937,1,1,0.5,1,1
img_28,5f204b5558c81f30e9860972,Left,0,0,1,0.5,1,
img_28,5b910e2aa067840001b100af,Left,0,0,1,0.5,1,
img_28,5d62f080d556f20001807aa2,Left,1.501,1,1,0.5,1,1
img_28,5ecfdd84dc64e1061b97e321,Left,3.419,1,1,0.5,1,1
img_28,5f033543945c554f816f6ad7,Left,6.538,1,1,0.5,1,1
img_28,5b69032cecb6340001b0cc05,Left,3.521,1,1,0.5,1,1
img_28,5eb71d89ed8104645e640ad7,Left,3.206,1,1,0.5,1,1
img_28,5f136401b1f46a36f39a8c72,Left,9.901,1,1,0.5,1,1
img_52,5d852b272a218500015f6147,Left,5.374,2,1,0.4,1,1
img_52,5dc4177635fd0c2de2b2194a,Left,8.263,1,1,0.4,1,1
img_52,5c6d74852f21670001f8eacb,Left,3.879,1,1,0.4,1,1
img_52,5de021677f57a309bfc56ac6,Left,5.143,1,1,0.4,1,1
img_52,5f23157170fcfd08d6b5ab55,Left,4.803,1,1,0.4,1,1
img_52,5eb07222f887980fd34f6889,Left,9.435,3,1,0.4,1,1
img_52,5f12702f38faee1c06433bf8,Left,5.043,1,1,0.4,1,1
img_52,5ddbeaff798297b3928a0850,Left,6.164,4,1,0.4,1,1
img_52,5ebdb1414b3e5d0e1e46e76d,Left,7.06,1,1,0.4,1,1
img_52,5efec0cffc86a73c9cf173e7,Left,2.212,1,1,0.4,1,1
img_52,5de93d9ae045e206b871af2c,Left,2.669,1,1,0.4,1,1
img_52,5c8839294b0de2000135270f,Left,6.966,1,1,0.4,1,1
img_52,5e7885df81606d3f5e51cb5e,Left,5.343,3,1,0.4,1,1
img_52,5e9ca45fd662f21da7c2ac6e,Left,4.089,1,1,0.4,1,1
img_52,5ee389a50d2973011b577b23,Left,4.562,2,1,0.4,1,1
img_52,5cab5929291df900165c1ff9,Left,1.832,1,1,0.4,1,1
img_52,5d4556c5d1f123001716bae3,Left,4.525,2,1,0.4,1,1
img_52,5e6ff43e18d1a809cd0b836a,Left,0.23,1,1,0.4,1,1
img_52,5cf23dc994df330018876744,Left,4.228,2,1,0.4,1,1
img_52,579540d016a091000112cdf5,Left,8.7,2,1,0.4,1,1
img_52,5d92b4debda22b00179a2edf,Left,3.468,1,1,0.4,1,1
img_52,5ede038270fe0e000ab7ae54,Left,5.761,2,1,0.4,1,1
img_52,5a910c8a6475f900019f8cbc,Left,7.644,1,1,0.4,1,1
img_52,5f204b5558c81f30e9860972,Left,6.5,1,1,0.4,1,1
img_52,5f1e174460bf5d7ad7a63b8e,Left,6.111,2,1,0.4,1,1
img_52,5d62f080d556f20001807aa2,Left,1.021,1,1,0.4,1,1
img_52,5ecfdd84dc64e1061b97e321,Left,2.397,2,1,0.4,1,1
img_52,5f033543945c554f816f6ad7,Left,4.317,1,1,0.4,1,1
img_52,5eb71d89ed8104645e640ad7,Left,2.926,1,1,0.4,1,1
img_53,5d852b272a218500015f6147,Left,3.78,3,1,0.8,1,1
img_53,5ea96851a879f0059741c4cb,Left,1.824,1,1,0.8,1,1
img_53,5dc4177635fd0c2de2b2194a,Left,6.635,2,1,0.8,1,1
img_53,5c6d74852f21670001f8eacb,Left,2.598,1,1,0.8,1,1
img_53,5bfda58206c0910001be3d14,Left,0.717,1,1,0.8,1,1
img_53,5de021677f57a309bfc56ac6,Left,4.174,1,1,0.8,1,1
img_53,5f23157170fcfd08d6b5ab55,Left,5.101,1,1,0.8,1,1
img_53,5e90f207f9c9d141f4b14def,Left,3.469,1,1,0.8,1,1
img_53,5eb07222f887980fd34f6889,Left,9.929,2,1,0.8,1,1
img_53,5a140bdc5d06850001b007bd,Left,4.643,2,1,0.8,1,1
img_53,5ddbeaff798297b3928a0850,Left,2.883,2,1,0.8,1,1
img_53,5ebdb1414b3e5d0e1e46e76d,Left,2.404,1,1,0.8,1,1
img_53,5efec0cffc86a73c9cf173e7,Left,1.643,1,1,0.8,1,1
img_53,5de93d9ae045e206b871af2c,Left,0,0,1,0.8,1,
img_53,5c8839294b0de2000135270f,Left,6.336,1,1,0.8,1,1
img_53,5f2351d2da440d0575c75dec,Left,2.422,1,1,0.8,1,1
img_53,5e9ca45fd662f21da7c2ac6e,Left,1.622,1,1,0.8,1,1
img_53,5ee389a50d2973011b577b23,Left,8.974,2,1,0.8,1,1
img_53,5cab5929291df900165c1ff9,Left,1.693,1,1,0.8,1,1
img_53,5f23525ad6bca511d420f843,Left,1.753,1,1,0.8,1,1
img_53,5e106c1019232d75243365ba,Left,7.644,3,1,0.8,1,1
img_53,5d4556c5d1f123001716bae3,Left,3.276,2,1,0.8,1,1
img_53,5dcb016991c2ba7e029b6545,Left,1.111,1,1,0.8,1,1
img_53,5e6ff43e18d1a809cd0b836a,Left,0,0,1,0.8,1,
img_53,5cf23dc994df330018876744,Left,2.107,1,1,0.8,1,1
img_53,579540d016a091000112cdf5,Left,5.224,1,1,0.8,1,1
img_53,5eea4d6485ba010cd59c2107,Left,1.117,2,1,0.8,1,1
img_53,5d92b4debda22b00179a2edf,Left,1.97,1,1,0.8,1,1
img_53,5ede038270fe0e000ab7ae54,Left,1.903,1,1,0.8,1,1
img_53,5a910c8a6475f900019f8cbc,Left,7.674,1,1,0.8,1,1
img_53,5ce998fda20e6000170c5ce8,Left,2.733,1,1,0.8,1,1
img_53,5f204b5558c81f30e9860972,Left,0,0,1,0.8,1,
img_53,5b910e2aa067840001b100af,Left,2.535,1,1,0.8,1,1
img_53,5ad2d9fafb109b0001a32749,Left,4.061,2,1,0.8,1,1
img_53,5f1e174460bf5d7ad7a63b8e,Left,0.687,1,1,0.8,1,1
img_53,5d62f080d556f20001807aa2,Left,3.353,1,1,0.8,1,1
img_53,5ecfdd84dc64e1061b97e321,Left,5.27,1,1,0.8,1,1
img_53,5f033543945c554f816f6ad7,Left,3.759,1,1,0.8,1,1
img_53,5b69032cecb6340001b0cc05,Left,5.75,1,1,0.8,1,1
img_53,5eb71d89ed8104645e640ad7,Left,0,0,1,0.8,1,
img_53,5f136401b1f46a36f39a8c72,Left,7.014,1,1,0.8,1,1
img_54,5d852b272a218500015f6147,Left,7.225,4,1,0.4,1,1
img_54,5dc4177635fd0c2de2b2194a,Left,6.98,1,1,0.4,1,1
img_54,5c6d74852f21670001f8eacb,Left,8.988,1,1,0.4,1,1
img_54,5bfda58206c0910001be3d14,Left,3.39,1,1,0.4,1,1
img_54,5de021677f57a309bfc56ac6,Left,7.574,1,1,0.4,1,1
img_54,5f23157170fcfd08d6b5ab55,Left,9.113,1,1,0.4,1,1
img_54,5a140bdc5d06850001b007bd,Left,3.875,1,1,0.4,1,1
img_54,5ddbeaff798297b3928a0850,Left,5.537,2,1,0.4,1,1
img_54,5ebdb1414b3e5d0e1e46e76d,Left,8.468,2,1,0.4,1,1
img_54,5efec0cffc86a73c9cf173e7,Left,8.329,1,1,0.4,1,1
img_54,5de93d9ae045e206b871af2c,Left,2.578,1,1,0.4,1,1
img_54,5c8839294b0de2000135270f,Left,6.282,1,1,0.4,1,1
img_54,5e9ca45fd662f21da7c2ac6e,Left,5.824,1,1,0.4,1,1
img_54,5ee389a50d2973011b577b23,Left,5.274,3,1,0.4,1,1
img_54,5cab5929291df900165c1ff9,Left,7.664,1,1,0.4,1,1
img_54,5f23525ad6bca511d420f843,Left,6.231,1,1,0.4,1,1
img_54,5e106c1019232d75243365ba,Left,6.872,2,1,0.4,1,1
img_54,5d4556c5d1f123001716bae3,Left,2.591,1,1,0.4,1,1
img_54,5dcb016991c2ba7e029b6545,Left,1.067,1,1,0.4,1,1
img_54,5e6ff43e18d1a809cd0b836a,Left,0.752,1,1,0.4,1,1
img_54,5cf23dc994df330018876744,Left,2.597,1,1,0.4,1,1
img_54,579540d016a091000112cdf5,Left,8.002,1,1,0.4,1,1
img_54,5eea4d6485ba010cd59c2107,Left,2.379,1,1,0.4,1,1
img_54,5ede038270fe0e000ab7ae54,Left,4.428,2,1,0.4,1,1
img_54,5a910c8a6475f900019f8cbc,Left,8.741,1,1,0.4,1,1
img_54,59d7a9a250f88f000161eb07,Left,3.587,1,1,0.4,1,1
img_54,5f204b5558c81f30e9860972,Left,4.092,1,1,0.4,1,1
img_54,5b910e2aa067840001b100af,Left,2.833,1,1,0.4,1,1
img_54,5ad2d9fafb109b0001a32749,Left,8.352,5,1,0.4,1,1
img_54,5f1e174460bf5d7ad7a63b8e,Left,3.593,1,1,0.4,1,1
img_54,5d62f080d556f20001807aa2,Left,4.097,1,1,0.4,1,1
img_54,5b69032cecb6340001b0cc05,Left,8.82,1,1,0.4,1,1
img_54,5eb71d89ed8104645e640ad7,Left,6.547,1,1,0.4,1,1
img_9,5d61c41048b8f1001915f01f,Left,0,0,0,4,0,
img_9,5d852b272a218500015f6147,Left,3.686,3,0,4,0,1
img_9,5ea96851a879f0059741c4cb,Left,1.428,1,0,4,0,1
img_9,5dc4177635fd0c2de2b2194a,Left,2.098,1,0,4,0,1
img_9,5c6d74852f21670001f8eacb,Left,1.728,1,0,4,0,1
img_9,5bfda58206c0910001be3d14,Left,0,0,0,4,0,
img_9,5de021677f57a309bfc56ac6,Left,2.847,1,0,4,0,1
img_9,5f23157170fcfd08d6b5ab55,Left,3.539,1,0,4,0,1
img_9,5e90f207f9c9d141f4b14def,Left,1.692,1,0,4,0,1
img_9,5eb07222f887980fd34f6889,Left,4.847,2,0,4,0,1
img_9,5f12702f38faee1c06433bf8,Left,2.501,1,0,4,0,1
img_9,5a140bdc5d06850001b007bd,Left,1.315,1,0,4,0,1
img_9,5ddbeaff798297b3928a0850,Left,1.833,2,0,4,0,1
img_9,5ebdb1414b3e5d0e1e46e76d,Left,2.614,1,0,4,0,1
img_9,5efec0cffc86a73c9cf173e7,Left,4.061,1,0,4,0,1
img_9,5de93d9ae045e206b871af2c,Left,1.385,1,0,4,0,1
img_9,5c8839294b0de2000135270f,Left,2.021,1,0,4,0,1
img_9,5e7885df81606d3f5e51cb5e,Left,3.475,3,0,4,0,1
img_9,5f2351d2da440d0575c75dec,Left,1.809,1,0,4,0,1
img_9,5e9ca45fd662f21da7c2ac6e,Left,1.118,1,0,4,0,1
img_9,5ee389a50d2973011b577b23,Left,1.493,2,0,4,0,1
img_9,5b74641086b60700014ef85c,Left,1.25,1,0,4,0,1
img_9,5cab5929291df900165c1ff9,Left,4.614,1,0,4,0,1
img_9,5f23525ad6bca511d420f843,Left,1.988,2,0,4,0,1
img_9,5e106c1019232d75243365ba,Left,6.659,2,0,4,0,1
img_9,5d4556c5d1f123001716bae3,Left,1.942,1,0,4,0,1
img_9,5dcb016991c2ba7e029b6545,Left,0.374,1,0,4,0,1
img_9,5e6ff43e18d1a809cd0b836a,Left,0,0,0,4,0,
img_9,5cf23dc994df330018876744,Left,1.874,1,0,4,0,1
img_9,579540d016a091000112cdf5,Left,4.704,1,0,4,0,1
img_9,5eea4d6485ba010cd59c2107,Left,0,0,0,4,0,
img_9,5d92b4debda22b00179a2edf,Left,1.621,1,0,4,0,1
img_9,5ede038270fe0e000ab7ae54,Left,0.43,1,0,4,0,1
img_9,5a910c8a6475f900019f8cbc,Left,2.357,1,0,4,0,1
img_9,5ce998fda20e6000170c5ce8,Left,0.967,1,0,4,0,1
img_9,59d7a9a250f88f000161eb07,Left,1.708,1,0,4,0,1
img_9,5f204b5558c81f30e9860972,Left,0,0,0,4,0,
img_9,5b910e2aa067840001b100af,Left,5.605,1,0,4,0,1
img_9,5ad2d9fafb109b0001a32749,Left,3.463,3,0,4,0,1
img_9,5f1e174460bf5d7ad7a63b8e,Left,0.457,1,0,4,0,1
img_9,5d62f080d556f20001807aa2,Left,0,0,0,4,0,
img_9,5ecfdd84dc64e1061b97e321,Left,3.579,2,0,4,0,1
img_9,5f033543945c554f816f6ad7,Left,2.7,1,0,4,0,1
img_9,5b69032cecb6340001b0cc05,Left,2.699,1,0,4,0,1
img_9,5eb71d89ed8104645e640ad7,Left,1.171,1,0,4,0,1
img_9,5f136401b1f46a36f39a8c72,Left,3.515,2,0,4,0,1
flippedimg_12,5d61c41048b8f1001915f01f,Right,3.273,1,0,0.4,0,0
flippedimg_12,5c6d74852f21670001f8eacb,Right,2.618,1,0,0.4,0,0
flippedimg_12,5eb07222f887980fd34f6889,Right,7.635,2,0,0.4,0,0
flippedimg_12,5de93d9ae045e206b871af2c,Right,0.377,1,0,0.4,0,0
flippedimg_12,5b74641086b60700014ef85c,Right,6.784,3,0,0.4,0,0
flippedimg_12,5cab5929291df900165c1ff9,Right,9.68,2,0,0.4,0,0
flippedimg_12,5e6ff43e18d1a809cd0b836a,Right,1.675,1,0,0.4,0,0
flippedimg_12,5d92b4debda22b00179a2edf,Right,6.4,1,0,0.4,0,0
flippedimg_12,5a910c8a6475f900019f8cbc,Right,7.975,1,0,0.4,0,0
flippedimg_12,5ce998fda20e6000170c5ce8,Right,2.22,1,0,0.4,0,0
flippedimg_12,5f033543945c554f816f6ad7,Right,3.112,1,0,0.4,0,0
flippedimg_12,5b69032cecb6340001b0cc05,Right,4.513,1,0,0.4,0,0
flippedimg_18,5d61c41048b8f1001915f01f,Right,6.15,1,0,0.4,0,0
flippedimg_18,5d852b272a218500015f6147,Right,2.209,2,0,0.4,0,0
flippedimg_18,5dc4177635fd0c2de2b2194a,Right,7.292,1,0,0.4,0,0
flippedimg_18,5c6d74852f21670001f8eacb,Right,3.833,1,0,0.4,0,0
flippedimg_18,5e90f207f9c9d141f4b14def,Right,4.7,1,0,0.4,0,0
flippedimg_18,5f12702f38faee1c06433bf8,Right,5.448,1,0,0.4,0,0
flippedimg_18,5a140bdc5d06850001b007bd,Right,3.555,2,0,0.4,0,0
flippedimg_18,5ebdb1414b3e5d0e1e46e76d,Right,4.729,1,0,0.4,0,0
flippedimg_18,5efec0cffc86a73c9cf173e7,Right,4.375,1,0,0.4,0,0
flippedimg_18,5de93d9ae045e206b871af2c,Right,0.863,1,0,0.4,0,0
flippedimg_18,5e7885df81606d3f5e51cb5e,Right,6.964,4,0,0.4,0,0
flippedimg_18,5e9ca45fd662f21da7c2ac6e,Right,4.65,1,0,0.4,0,0
flippedimg_18,5d92b4debda22b00179a2edf,Right,5.688,1,0,0.4,0,0
flippedimg_18,5ce998fda20e6000170c5ce8,Right,1.513,1,0,0.4,0,0
flippedimg_18,5f204b5558c81f30e9860972,Right,1.169,1,0,0.4,0,0
flippedimg_18,5f033543945c554f816f6ad7,Right,4.737,1,0,0.4,0,0
flippedimg_25,5d61c41048b8f1001915f01f,Right,6.401,1,1,-4,0,1
flippedimg_25,5d852b272a218500015f6147,Right,3.985,3,1,-4,0,1
flippedimg_25,5ea96851a879f0059741c4cb,Right,1.385,1,1,-4,0,1
flippedimg_25,5dc4177635fd0c2de2b2194a,Right,2.879,1,1,-4,0,1
flippedimg_25,5c6d74852f21670001f8eacb,Right,4.083,1,1,-4,0,1
flippedimg_25,5bfda58206c0910001be3d14,Right,2.3,1,1,-4,0,1
flippedimg_25,5de021677f57a309bfc56ac6,Right,5.538,1,1,-4,0,1
flippedimg_25,5f23157170fcfd08d6b5ab55,Right,6.513,1,1,-4,0,1
flippedimg_25,5e90f207f9c9d141f4b14def,Right,2.706,1,1,-4,0,1
flippedimg_25,5eb07222f887980fd34f6889,Right,4.033,3,1,-4,0,1
flippedimg_25,5f12702f38faee1c06433bf8,Right,4.301,1,1,-4,0,1
flippedimg_25,5a140bdc5d06850001b007bd,Right,3.362,1,1,-4,0,1
flippedimg_25,5ddbeaff798297b3928a0850,Right,4.654,2,1,-4,0,1
flippedimg_25,5ebdb1414b3e5d0e1e46e76d,Right,4.663,1,1,-4,0,1
flippedimg_25,5efec0cffc86a73c9cf173e7,Right,3.283,1,1,-4,0,1
flippedimg_25,5de93d9ae045e206b871af2c,Right,0.986,1,1,-4,0,1
flippedimg_25,5c8839294b0de2000135270f,Right,3.45,1,1,-4,0,1
flippedimg_25,5e7885df81606d3f5e51cb5e,Right,6.383,4,1,-4,0,1
flippedimg_25,5f2351d2da440d0575c75dec,Right,2.441,1,1,-4,0,1
flippedimg_25,5e9ca45fd662f21da7c2ac6e,Right,3.546,1,1,-4,0,1
flippedimg_25,5ee389a50d2973011b577b23,Right,3.627,3,1,-4,0,1
flippedimg_25,5b74641086b60700014ef85c,Right,0.78,1,1,-4,0,1
flippedimg_25,5cab5929291df900165c1ff9,Right,8.882,1,1,-4,0,1
flippedimg_25,5f23525ad6bca511d420f843,Right,1.975,1,1,-4,0,1
flippedimg_25,5e106c1019232d75243365ba,Right,4.665,2,1,-4,0,1
flippedimg_25,5d4556c5d1f123001716bae3,Right,2.966,1,1,-4,0,1
flippedimg_25,5dcb016991c2ba7e029b6545,Right,1.231,1,1,-4,0,1
flippedimg_25,5e6ff43e18d1a809cd0b836a,Right,0.733,1,1,-4,0,1
flippedimg_25,5cf23dc994df330018876744,Right,2.715,1,1,-4,0,1
flippedimg_25,579540d016a091000112cdf5,Right,6.229,1,1,-4,0,1
flippedimg_25,5eea4d6485ba010cd59c2107,Right,4.136,1,1,-4,0,1
flippedimg_25,5d92b4debda22b00179a2edf,Right,2.686,1,1,-4,0,1
flippedimg_25,5ede038270fe0e000ab7ae54,Right,3.111,1,1,-4,0,1
flippedimg_25,5a910c8a6475f900019f8cbc,Right,4.536,1,1,-4,0,1
flippedimg_25,5ce998fda20e6000170c5ce8,Right,1.552,1,1,-4,0,1
flippedimg_25,59d7a9a250f88f000161eb07,Right,2.423,1,1,-4,0,1
flippedimg_25,5f204b5558c81f30e9860972,Right,0.433,1,1,-4,0,1
flippedimg_25,5b910e2aa067840001b100af,Right,2.174,1,1,-4,0,1
flippedimg_25,5ad2d9fafb109b0001a32749,Right,9.053,3,1,-4,0,1
flippedimg_25,5f1e174460bf5d7ad7a63b8e,Right,2.875,1,1,-4,0,1
flippedimg_25,5d62f080d556f20001807aa2,Right,2.065,1,1,-4,0,1
flippedimg_25,5ecfdd84dc64e1061b97e321,Right,2.559,1,1,-4,0,1
flippedimg_25,5f033543945c554f816f6ad7,Right,4.464,1,1,-4,0,1
flippedimg_25,5b69032cecb6340001b0cc05,Right,3.255,1,1,-4,0,1
flippedimg_25,5eb71d89ed8104645e640ad7,Right,3.027,1,1,-4,0,1
flippedimg_29,5d61c41048b8f1001915f01f,Right,0.302,1,0,-0.5,1,1
flippedimg_29,5d852b272a218500015f6147,Right,3.222,5,0,-0.5,1,1
flippedimg_29,5ea96851a879f0059741c4cb,Right,3.15,1,0,-0.5,1,1
flippedimg_29,5dc4177635fd0c2de2b2194a,Right,3.095,1,0,-0.5,1,1
flippedimg_29,5c6d74852f21670001f8eacb,Right,2.341,1,0,-0.5,1,1
flippedimg_29,5bfda58206c0910001be3d14,Right,0.613,1,0,-0.5,1,1
flippedimg_29,5de021677f57a309bfc56ac6,Right,5.319,1,0,-0.5,1,1
flippedimg_29,5f23157170fcfd08d6b5ab55,Right,4.651,1,0,-0.5,1,1
flippedimg_29,5eb07222f887980fd34f6889,Right,8.334,2,0,-0.5,1,1
flippedimg_29,5f12702f38faee1c06433bf8,Right,2.454,1,0,-0.5,1,1
flippedimg_29,5a140bdc5d06850001b007bd,Right,2.192,1,0,-0.5,1,1
flippedimg_29,5ddbeaff798297b3928a0850,Right,4.869,2,0,-0.5,1,1
flippedimg_29,5ebdb1414b3e5d0e1e46e76d,Right,4.247,1,0,-0.5,1,1
flippedimg_29,5de93d9ae045e206b871af2c,Right,0.684,1,0,-0.5,1,1
flippedimg_29,5c8839294b0de2000135270f,Right,3.365,1,0,-0.5,1,1
flippedimg_29,5e7885df81606d3f5e51cb5e,Right,5.099,3,0,-0.5,1,1
flippedimg_29,5f2351d2da440d0575c75dec,Right,6.827,1,0,-0.5,1,1
flippedimg_29,5b74641086b60700014ef85c,Right,3.374,2,0,-0.5,1,1
flippedimg_29,5cab5929291df900165c1ff9,Right,3.307,1,0,-0.5,1,1
flippedimg_29,5f23525ad6bca511d420f843,Right,2.919,1,0,-0.5,1,1
flippedimg_29,5d4556c5d1f123001716bae3,Right,2.829,1,0,-0.5,1,1
flippedimg_29,5dcb016991c2ba7e029b6545,Right,2.442,2,0,-0.5,1,1
flippedimg_29,5e6ff43e18d1a809cd0b836a,Right,0,0,0,-0.5,1,
flippedimg_29,5cf23dc994df330018876744,Right,6.732,2,0,-0.5,1,1
flippedimg_29,579540d016a091000112cdf5,Right,9.04,1,0,-0.5,1,1
flippedimg_29,5eea4d6485ba010cd59c2107,Right,0.784,1,0,-0.5,1,1
flippedimg_29,5d92b4debda22b00179a2edf,Right,5.212,1,0,-0.5,1,1
flippedimg_29,5ede038270fe0e000ab7ae54,Right,2.889,1,0,-0.5,1,1
flippedimg_29,5a910c8a6475f900019f8cbc,Right,9.583,1,0,-0.5,1,1
flippedimg_29,5ce998fda20e6000170c5ce8,Right,1.798,1,0,-0.5,1,1
flippedimg_29,5f204b5558c81f30e9860972,Right,0,0,0,-0.5,1,
flippedimg_29,5b910e2aa067840001b100af,Right,0,0,0,-0.5,1,
flippedimg_29,5ad2d9fafb109b0001a32749,Right,5.344,3,0,-0.5,1,1
flippedimg_29,5f1e174460bf5d7ad7a63b8e,Right,6.219,1,0,-0.5,1,1
flippedimg_29,5d62f080d556f20001807aa2,Right,4.781,1,0,-0.5,1,1
flippedimg_29,5ecfdd84dc64e1061b97e321,Right,0.915,1,0,-0.5,1,1
flippedimg_29,5f033543945c554f816f6ad7,Right,3.519,1,0,-0.5,1,1
flippedimg_29,5b69032cecb6340001b0cc05,Right,7.161,1,0,-0.5,1,1
flippedimg_29,5eb71d89ed8104645e640ad7,Right,7.155,1,0,-0.5,1,1
flippedimg_29,5f136401b1f46a36f39a8c72,Right,6.025,1,0,-0.5,1,1
flippedimg_30,5d852b272a218500015f6147,Right,2.413,2,0,-1.4,1,1
flippedimg_30,5ea96851a879f0059741c4cb,Right,2.119,1,0,-1.4,1,1
flippedimg_30,5dc4177635fd0c2de2b2194a,Right,1.69,1,0,-1.4,1,1
flippedimg_30,5c6d74852f21670001f8eacb,Right,1.829,1,0,-1.4,1,1
flippedimg_30,5bfda58206c0910001be3d14,Right,2.656,1,0,-1.4,1,1
flippedimg_30,5de021677f57a309bfc56ac6,Right,5.959,1,0,-1.4,1,1
flippedimg_30,5f23157170fcfd08d6b5ab55,Right,4.65,1,0,-1.4,1,1
flippedimg_30,5e90f207f9c9d141f4b14def,Right,4.479,1,0,-1.4,1,1
flippedimg_30,5eb07222f887980fd34f6889,Right,5.553,2,0,-1.4,1,1
flippedimg_30,5a140bdc5d06850001b007bd,Right,4.375,1,0,-1.4,1,1
flippedimg_30,5ddbeaff798297b3928a0850,Right,6.201,2,0,-1.4,1,1
flippedimg_30,5ebdb1414b3e5d0e1e46e76d,Right,6.33,2,0,-1.4,1,1
flippedimg_30,5de93d9ae045e206b871af2c,Right,0,0,0,-1.4,1,
flippedimg_30,5c8839294b0de2000135270f,Right,3.262,1,0,-1.4,1,1
flippedimg_30,5e7885df81606d3f5e51cb5e,Right,4.999,1,0,-1.4,1,1
flippedimg_30,5f2351d2da440d0575c75dec,Right,3.434,1,0,-1.4,1,1
flippedimg_30,5e9ca45fd662f21da7c2ac6e,Right,2.27,1,0,-1.4,1,1
flippedimg_30,5b74641086b60700014ef85c,Right,1.829,1,0,-1.4,1,1
flippedimg_30,5cab5929291df900165c1ff9,Right,3.218,1,0,-1.4,1,1
flippedimg_30,5f23525ad6bca511d420f843,Right,1.258,1,0,-1.4,1,1
flippedimg_30,5e106c1019232d75243365ba,Right,5.076,2,0,-1.4,1,1
flippedimg_30,5dcb016991c2ba7e029b6545,Right,0,0,0,-1.4,1,
flippedimg_30,5e6ff43e18d1a809cd0b836a,Right,0.901,1,0,-1.4,1,1
flippedimg_30,5cf23dc994df330018876744,Right,2.798,1,0,-1.4,1,1
flippedimg_30,5eea4d6485ba010cd59c2107,Right,0.981,2,0,-1.4,1,1
flippedimg_30,5d92b4debda22b00179a2edf,Right,3.043,1,0,-1.4,1,1
flippedimg_30,5ce998fda20e6000170c5ce8,Right,1.395,1,0,-1.4,1,1
flippedimg_30,59d7a9a250f88f000161eb07,Right,1.91,1,0,-1.4,1,1
flippedimg_30,5f204b5558c81f30e9860972,Right,0,0,0,-1.4,1,
flippedimg_30,5b910e2aa067840001b100af,Right,8.545,1,0,-1.4,1,1
flippedimg_30,5ad2d9fafb109b0001a32749,Right,5.292,5,0,-1.4,1,1
flippedimg_30,5f1e174460bf5d7ad7a63b8e,Right,3.976,2,0,-1.4,1,1
flippedimg_30,5d62f080d556f20001807aa2,Right,4.01,1,0,-1.4,1,1
flippedimg_30,5ecfdd84dc64e1061b97e321,Right,1.684,1,0,-1.4,1,1
flippedimg_30,5f033543945c554f816f6ad7,Right,2.612,1,0,-1.4,1,1
flippedimg_30,5b69032cecb6340001b0cc05,Right,8.223,2,0,-1.4,1,1
flippedimg_30,5eb71d89ed8104645e640ad7,Right,7.629,1,0,-1.4,1,1
flippedimg_30,5f136401b1f46a36f39a8c72,Right,3.157,1,0,-1.4,1,1
flippedimg_52,5dc4177635fd0c2de2b2194a,Right,4.667,1,1,-0.4,0,1
flippedimg_52,5c6d74852f21670001f8eacb,Right,6.403,2,1,-0.4,0,1
flippedimg_52,5f23157170fcfd08d6b5ab55,Right,8.717,1,1,-0.4,0,1
flippedimg_52,5eb07222f887980fd34f6889,Right,5.805,2,1,-0.4,0,1
flippedimg_52,5f12702f38faee1c06433bf8,Right,2.897,1,1,-0.4,0,1
flippedimg_52,5ddbeaff798297b3928a0850,Right,5.103,2,1,-0.4,0,1
flippedimg_52,5ebdb1414b3e5d0e1e46e76d,Right,4.707,1,1,-0.4,0,1
flippedimg_52,5efec0cffc86a73c9cf173e7,Right,1.452,1,1,-0.4,0,1
flippedimg_52,5de93d9ae045e206b871af2c,Right,3.261,1,1,-0.4,0,1
flippedimg_52,5c8839294b0de2000135270f,Right,6.25,1,1,-0.4,0,1
flippedimg_52,5f2351d2da440d0575c75dec,Right,6.087,1,1,-0.4,0,1
flippedimg_52,5ee389a50d2973011b577b23,Right,5.402,3,1,-0.4,0,1
flippedimg_52,5b74641086b60700014ef85c,Right,4.279,2,1,-0.4,0,1
flippedimg_52,5cab5929291df900165c1ff9,Right,2.86,1,1,-0.4,0,1
flippedimg_52,5f23525ad6bca511d420f843,Right,2.046,1,1,-0.4,0,1
flippedimg_52,5e106c1019232d75243365ba,Right,8.224,2,1,-0.4,0,1
flippedimg_52,5d4556c5d1f123001716bae3,Right,3.727,1,1,-0.4,0,1
flippedimg_52,5dcb016991c2ba7e029b6545,Right,1.108,1,1,-0.4,0,1
flippedimg_52,5e6ff43e18d1a809cd0b836a,Right,3.984,1,1,-0.4,0,1
flippedimg_52,5cf23dc994df330018876744,Right,3.693,1,1,-0.4,0,1
flippedimg_52,579540d016a091000112cdf5,Right,4.233,1,1,-0.4,0,1
flippedimg_52,5d92b4debda22b00179a2edf,Right,4.928,1,1,-0.4,0,1
flippedimg_52,5ede038270fe0e000ab7ae54,Right,4.86,1,1,-0.4,0,1
flippedimg_52,59d7a9a250f88f000161eb07,Right,2.074,1,1,-0.4,0,1
flippedimg_52,5f204b5558c81f30e9860972,Right,5.65,1,1,-0.4,0,1
flippedimg_52,5ad2d9fafb109b0001a32749,Right,6.761,2,1,-0.4,0,1
flippedimg_52,5f1e174460bf5d7ad7a63b8e,Right,2.773,1,1,-0.4,0,1
flippedimg_52,5d62f080d556f20001807aa2,Right,0,0,1,-0.4,0,
flippedimg_52,5ecfdd84dc64e1061b97e321,Right,2.986,1,1,-0.4,0,1
flippedimg_52,5f033543945c554f816f6ad7,Right,3.891,1,1,-0.4,0,1
flippedimg_52,5b69032cecb6340001b0cc05,Right,5.507,1,1,-0.4,0,1
flippedimg_52,5eb71d89ed8104645e640ad7,Right,3.925,1,1,-0.4,0,1
flippedimg_52,5f136401b1f46a36f39a8c72,Right,8.907,1,1,-0.4,0,1
flippedimg_53,5d61c41048b8f1001915f01f,Right,2.984,1,1,-0.8,0,1
flippedimg_53,5d852b272a218500015f6147,Right,4.436,3,1,-0.8,0,1
flippedimg_53,5ea96851a879f0059741c4cb,Right,2.854,1,1,-0.8,0,1
flippedimg_53,5dc4177635fd0c2de2b2194a,Right,5.892,1,1,-0.8,0,1
flippedimg_53,5c6d74852f21670001f8eacb,Right,4.694,1,1,-0.8,0,1
flippedimg_53,5bfda58206c0910001be3d14,Right,0.17,1,1,-0.8,0,1
flippedimg_53,5de021677f57a309bfc56ac6,Right,2.663,1,1,-0.8,0,1
flippedimg_53,5f23157170fcfd08d6b5ab55,Right,5.188,2,1,-0.8,0,1
flippedimg_53,5e90f207f9c9d141f4b14def,Right,3.324,1,1,-0.8,0,1
flippedimg_53,5eb07222f887980fd34f6889,Right,4.725,2,1,-0.8,0,1
flippedimg_53,5f12702f38faee1c06433bf8,Right,3.728,1,1,-0.8,0,1
flippedimg_53,5ddbeaff798297b3928a0850,Right,3.07,2,1,-0.8,0,1
flippedimg_53,5ebdb1414b3e5d0e1e46e76d,Right,3.564,1,1,-0.8,0,1
flippedimg_53,5efec0cffc86a73c9cf173e7,Right,2.393,2,1,-0.8,0,1
flippedimg_53,5de93d9ae045e206b871af2c,Right,4.003,1,1,-0.8,0,1
flippedimg_53,5c8839294b0de2000135270f,Right,3.352,1,1,-0.8,0,1
flippedimg_53,5f2351d2da440d0575c75dec,Right,2.254,1,1,-0.8,0,1
flippedimg_53,5e9ca45fd662f21da7c2ac6e,Right,1.774,1,1,-0.8,0,1
flippedimg_53,5ee389a50d2973011b577b23,Right,5.02,4,1,-0.8,0,1
flippedimg_53,5cab5929291df900165c1ff9,Right,2.215,1,1,-0.8,0,1
flippedimg_53,5f23525ad6bca511d420f843,Right,1.684,1,1,-0.8,0,1
flippedimg_53,5e106c1019232d75243365ba,Right,8.366,3,1,-0.8,0,1
flippedimg_53,5d4556c5d1f123001716bae3,Right,2.263,1,1,-0.8,0,1
flippedimg_53,5dcb016991c2ba7e029b6545,Right,1.013,1,1,-0.8,0,1
flippedimg_53,5e6ff43e18d1a809cd0b836a,Right,1.023,1,1,-0.8,0,1
flippedimg_53,5cf23dc994df330018876744,Right,3.322,1,1,-0.8,0,1
flippedimg_53,579540d016a091000112cdf5,Right,4.63,1,1,-0.8,0,1
flippedimg_53,5eea4d6485ba010cd59c2107,Right,1.342,1,1,-0.8,0,1
flippedimg_53,5d92b4debda22b00179a2edf,Right,5.371,1,1,-0.8,0,1
flippedimg_53,5ede038270fe0e000ab7ae54,Right,3.489,1,1,-0.8,0,1
flippedimg_53,5a910c8a6475f900019f8cbc,Right,8.809,1,1,-0.8,0,1
flippedimg_53,5ce998fda20e6000170c5ce8,Right,4.408,3,1,-0.8,0,1
flippedimg_53,59d7a9a250f88f000161eb07,Right,2.361,1,1,-0.8,0,1
flippedimg_53,5f204b5558c81f30e9860972,Right,4.486,1,1,-0.8,0,1
flippedimg_53,5b910e2aa067840001b100af,Right,0.755,1,1,-0.8,0,1
flippedimg_53,5ad2d9fafb109b0001a32749,Right,6.351,3,1,-0.8,0,1
flippedimg_53,5f1e174460bf5d7ad7a63b8e,Right,2.182,2,1,-0.8,0,1
flippedimg_53,5d62f080d556f20001807aa2,Right,0,0,1,-0.8,0,
flippedimg_53,5ecfdd84dc64e1061b97e321,Right,3.222,1,1,-0.8,0,1
flippedimg_53,5f033543945c554f816f6ad7,Right,4.312,1,1,-0.8,0,1
flippedimg_53,5b69032cecb6340001b0cc05,Right,7.344,2,1,-0.8,0,1
flippedimg_53,5eb71d89ed8104645e640ad7,Right,2.296,1,1,-0.8,0,1
flippedimg_53,5f136401b1f46a36f39a8c72,Right,6.042,1,1,-0.8,0,1
flippedimg_54,5d61c41048b8f1001915f01f,Right,8.28,4,1,-0.4,0,1
flippedimg_54,5ea96851a879f0059741c4cb,Right,5.44,1,1,-0.4,0,1
flippedimg_54,5dc4177635fd0c2de2b2194a,Right,4.692,1,1,-0.4,0,1
flippedimg_54,5bfda58206c0910001be3d14,Right,2.871,1,1,-0.4,0,1
flippedimg_54,5de021677f57a309bfc56ac6,Right,5.935,1,1,-0.4,0,1
flippedimg_54,5f23157170fcfd08d6b5ab55,Right,5.797,1,1,-0.4,0,1
flippedimg_54,5eb07222f887980fd34f6889,Right,6.236,2,1,-0.4,0,1
flippedimg_54,5f12702f38faee1c06433bf8,Right,4.74,1,1,-0.4,0,1
flippedimg_54,5ddbeaff798297b3928a0850,Right,6.464,4,1,-0.4,0,1
flippedimg_54,5ebdb1414b3e5d0e1e46e76d,Right,8.893,1,1,-0.4,0,1
flippedimg_54,5efec0cffc86a73c9cf173e7,Right,3.575,2,1,-0.4,0,1
flippedimg_54,5c8839294b0de2000135270f,Right,3.069,1,1,-0.4,0,1
flippedimg_54,5e7885df81606d3f5e51cb5e,Right,7.827,4,1,-0.4,0,1
flippedimg_54,5f2351d2da440d0575c75dec,Right,5.726,1,1,-0.4,0,1
flippedimg_54,5e9ca45fd662f21da7c2ac6e,Right,1.96,1,1,-0.4,0,1
flippedimg_54,5ee389a50d2973011b577b23,Right,7.361,4,1,-0.4,0,1
flippedimg_54,5b74641086b60700014ef85c,Right,5.01,2,1,-0.4,0,1
flippedimg_54,5cab5929291df900165c1ff9,Right,6.201,1,1,-0.4,0,1
flippedimg_54,5f23525ad6bca511d420f843,Right,6.65,1,1,-0.4,0,1
flippedimg_54,5e106c1019232d75243365ba,Right,9.27,2,1,-0.4,0,1
flippedimg_54,5d4556c5d1f123001716bae3,Right,3.862,1,1,-0.4,0,1
flippedimg_54,5dcb016991c2ba7e029b6545,Right,1.566,1,1,-0.4,0,1
flippedimg_54,5e6ff43e18d1a809cd0b836a,Right,1.231,1,1,-0.4,0,1
flippedimg_54,5cf23dc994df330018876744,Right,3.083,1,1,-0.4,0,1
flippedimg_54,579540d016a091000112cdf5,Right,4.379,1,1,-0.4,0,1
flippedimg_54,5eea4d6485ba010cd59c2107,Right,2.774,1,1,-0.4,0,1
flippedimg_54,5ede038270fe0e000ab7ae54,Right,1.775,1,1,-0.4,0,1
flippedimg_54,5ce998fda20e6000170c5ce8,Right,5.258,1,1,-0.4,0,1
flippedimg_54,5ad2d9fafb109b0001a32749,Right,10.011,4,1,-0.4,0,1
flippedimg_54,5f1e174460bf5d7ad7a63b8e,Right,4.432,1,1,-0.4,0,1
flippedimg_54,5d62f080d556f20001807aa2,Right,0,0,1,-0.4,0,
flippedimg_54,5ecfdd84dc64e1061b97e321,Right,7.341,2,1,-0.4,0,1
flippedimg_54,5b69032cecb6340001b0cc05,Right,3.849,1,1,-0.4,0,1
flippedimg_6,5d61c41048b8f1001915f01f,Right,0,0,0,0.4,0,
flippedimg_6,5d852b272a218500015f6147,Right,3.514,4,0,0.4,0,0
flippedimg_6,5ea96851a879f0059741c4cb,Right,2.267,1,0,0.4,0,0
flippedimg_6,5c6d74852f21670001f8eacb,Right,5.215,1,0,0.4,0,0
flippedimg_6,5bfda58206c0910001be3d14,Right,1.291,1,0,0.4,0,0
flippedimg_6,5f23157170fcfd08d6b5ab55,Right,9.801,1,0,0.4,0,0
flippedimg_6,5e90f207f9c9d141f4b14def,Right,8.792,1,0,0.4,0,0
flippedimg_6,5a140bdc5d06850001b007bd,Right,3.866,1,0,0.4,0,0
flippedimg_6,5ebdb1414b3e5d0e1e46e76d,Right,8.45,1,0,0.4,0,0
flippedimg_6,5de93d9ae045e206b871af2c,Right,3.123,1,0,0.4,0,0
flippedimg_6,5f2351d2da440d0575c75dec,Right,3.628,1,0,0.4,0,0
flippedimg_6,5e9ca45fd662f21da7c2ac6e,Right,5.045,1,0,0.4,0,0
flippedimg_6,5cab5929291df900165c1ff9,Right,9.074,1,0,0.4,0,0
flippedimg_6,5ce998fda20e6000170c5ce8,Right,2.42,1,0,0.4,0,0
flippedimg_6,59d7a9a250f88f000161eb07,Right,3.14,1,0,0.4,0,0
flippedimg_6,5f204b5558c81f30e9860972,Right,1.888,1,0,0.4,0,0
flippedimg_6,5f033543945c554f816f6ad7,Right,3.028,1,0,0.4,0,0
flippedimg_6,5b69032cecb6340001b0cc05,Right,4.6,1,0,0.4,0,0
flippedimg_9,5d61c41048b8f1001915f01f,Right,0,0,0,-4,1,
flippedimg_9,5d852b272a218500015f6147,Right,2.342,2,0,-4,1,1
flippedimg_9,5ea96851a879f0059741c4cb,Right,1.324,1,0,-4,1,1
flippedimg_9,5dc4177635fd0c2de2b2194a,Right,1.972,2,0,-4,1,1
flippedimg_9,5c6d74852f21670001f8eacb,Right,2.754,1,0,-4,1,1
flippedimg_9,5bfda58206c0910001be3d14,Right,0,0,0,-4,1,
flippedimg_9,5de021677f57a309bfc56ac6,Right,2.873,1,0,-4,1,1
flippedimg_9,5f23157170fcfd08d6b5ab55,Right,2.834,1,0,-4,1,1
flippedimg_9,5e90f207f9c9d141f4b14def,Right,3.393,1,0,-4,1,1
flippedimg_9,5eb07222f887980fd34f6889,Right,4.808,2,0,-4,1,1
flippedimg_9,5f12702f38faee1c06433bf8,Right,2.864,1,0,-4,1,1
flippedimg_9,5a140bdc5d06850001b007bd,Right,1.611,1,0,-4,1,1
flippedimg_9,5ddbeaff798297b3928a0850,Right,1.542,2,0,-4,1,1
flippedimg_9,5ebdb1414b3e5d0e1e46e76d,Right,3.002,1,0,-4,1,1
flippedimg_9,5efec0cffc86a73c9cf173e7,Right,1.752,1,0,-4,1,1
flippedimg_9,5de93d9ae045e206b871af2c,Right,0,0,0,-4,1,
flippedimg_9,5c8839294b0de2000135270f,Right,2.498,1,0,-4,1,1
flippedimg_9,5e7885df81606d3f5e51cb5e,Right,4.264,3,0,-4,1,1
flippedimg_9,5f2351d2da440d0575c75dec,Right,2.357,1,0,-4,1,1
flippedimg_9,5e9ca45fd662f21da7c2ac6e,Right,2.756,2,0,-4,1,1
flippedimg_9,5ee389a50d2973011b577b23,Right,2.815,3,0,-4,1,1
flippedimg_9,5b74641086b60700014ef85c,Right,4.132,2,0,-4,1,1
flippedimg_9,5cab5929291df900165c1ff9,Right,1.938,1,0,-4,1,1
flippedimg_9,5f23525ad6bca511d420f843,Right,1.426,1,0,-4,1,1
flippedimg_9,5e106c1019232d75243365ba,Right,4.377,2,0,-4,1,1
flippedimg_9,5d4556c5d1f123001716bae3,Right,2.265,1,0,-4,1,1
flippedimg_9,5dcb016991c2ba7e029b6545,Right,0,0,0,-4,1,
flippedimg_9,5e6ff43e18d1a809cd0b836a,Right,0.038,1,0,-4,1,1
flippedimg_9,5cf23dc994df330018876744,Right,3.833,1,0,-4,1,1
flippedimg_9,579540d016a091000112cdf5,Right,3.72,1,0,-4,1,1
flippedimg_9,5eea4d6485ba010cd59c2107,Right,0.747,1,0,-4,1,1
flippedimg_9,5d92b4debda22b00179a2edf,Right,1.588,1,0,-4,1,1
flippedimg_9,5ede038270fe0e000ab7ae54,Right,2.364,1,0,-4,1,1
flippedimg_9,5ce998fda20e6000170c5ce8,Right,1.314,1,0,-4,1,1
flippedimg_9,59d7a9a250f88f000161eb07,Right,4.454,1,0,-4,1,1
flippedimg_9,5f204b5558c81f30e9860972,Right,0,0,0,-4,1,
flippedimg_9,5b910e2aa067840001b100af,Right,0.442,1,0,-4,1,1
flippedimg_9,5ad2d9fafb109b0001a32749,Right,3.605,2,0,-4,1,1
flippedimg_9,5f1e174460bf5d7ad7a63b8e,Right,4.564,1,0,-4,1,1
flippedimg_9,5d62f080d556f20001807aa2,Right,3.17,1,0,-4,1,1
flippedimg_9,5ecfdd84dc64e1061b97e321,Right,4.797,2,0,-4,1,1
flippedimg_9,5f033543945c554f816f6ad7,Right,3.4,1,0,-4,1,1
flippedimg_9,5b69032cecb6340001b0cc05,Right,2.609,1,0,-4,1,1
flippedimg_9,5eb71d89ed8104645e640ad7,Right,2.116,1,0,-4,1,1
flippedimg_9,5f136401b1f46a36f39a8c72,Right,1.543,1,0,-4,1,1
img_10,5f12702f38faee1c06433bf8,Right,4.057,1,1,1.4,1,0
img_10,5f1e174460bf5d7ad7a63b8e,Right,6.482,3,1,1.4,1,0
img_10,5b69032cecb6340001b0cc05,Right,6.084,2,1,1.4,1,0
img_10,5eb71d89ed8104645e640ad7,Right,3.803,1,1,1.4,1,0
img_15,5d4556c5d1f123001716bae3,Right,4.158,1,0,2.3,0,0
img_15,5f1e174460bf5d7ad7a63b8e,Right,4.365,1,0,2.3,0,0
img_17,5dc4177635fd0c2de2b2194a,Right,7.502,1,0,-0.4,1,1
img_17,5de021677f57a309bfc56ac6,Right,8.544,1,0,-0.4,1,1
img_17,5f23157170fcfd08d6b5ab55,Right,8.821,1,0,-0.4,1,1
img_17,5e90f207f9c9d141f4b14def,Right,9.828,1,0,-0.4,1,1
img_17,5ddbeaff798297b3928a0850,Right,3.161,2,0,-0.4,1,1
img_17,5ebdb1414b3e5d0e1e46e76d,Right,6.579,1,0,-0.4,1,1
img_17,5efec0cffc86a73c9cf173e7,Right,4.645,1,0,-0.4,1,1
img_17,5c8839294b0de2000135270f,Right,2.527,1,0,-0.4,1,1
img_17,5e7885df81606d3f5e51cb5e,Right,8.201,2,0,-0.4,1,1
img_17,5cab5929291df900165c1ff9,Right,5.717,2,0,-0.4,1,1
img_17,5f23525ad6bca511d420f843,Right,7.713,1,0,-0.4,1,1
img_17,5e106c1019232d75243365ba,Right,7.312,2,0,-0.4,1,1
img_17,5e6ff43e18d1a809cd0b836a,Right,1.458,1,0,-0.4,1,1
img_17,579540d016a091000112cdf5,Right,9.309,1,0,-0.4,1,1
img_17,5a910c8a6475f900019f8cbc,Right,2.493,1,0,-0.4,1,1
img_17,59d7a9a250f88f000161eb07,Right,2.964,1,0,-0.4,1,1
img_17,5f1e174460bf5d7ad7a63b8e,Right,2.794,1,0,-0.4,1,1
img_17,5d62f080d556f20001807aa2,Right,0,0,0,-0.4,1,
img_17,5ecfdd84dc64e1061b97e321,Right,3.26,1,0,-0.4,1,1
img_17,5b69032cecb6340001b0cc05,Right,9.777,2,0,-0.4,1,1
img_17,5eb71d89ed8104645e640ad7,Right,0.107,1,0,-0.4,1,1
img_17,5f136401b1f46a36f39a8c72,Right,9.02,1,0,-0.4,1,1
img_27,5efec0cffc86a73c9cf173e7,Right,6.972,1,1,4,1,0
img_27,5f136401b1f46a36f39a8c72,Right,9.052,1,1,4,1,0
img_28,5d61c41048b8f1001915f01f,Right,2.704,1,1,0.5,1,0
img_28,5de021677f57a309bfc56ac6,Right,6.415,1,1,0.5,1,0
img_28,5ebdb1414b3e5d0e1e46e76d,Right,6.95,1,1,0.5,1,0
img_28,5ee389a50d2973011b577b23,Right,3.865,4,1,0.5,1,0
img_28,5d4556c5d1f123001716bae3,Right,4.072,1,1,0.5,1,0
img_28,579540d016a091000112cdf5,Right,9.866,1,1,0.5,1,0
img_28,5ad2d9fafb109b0001a32749,Right,6.334,3,1,0.5,1,0
img_28,5f1e174460bf5d7ad7a63b8e,Right,2.15,1,1,0.5,1,0
img_52,5d61c41048b8f1001915f01f,Right,0.8,2,1,0.4,1,0
img_52,5ea96851a879f0059741c4cb,Right,1.624,1,1,0.4,1,0
img_52,5bfda58206c0910001be3d14,Right,0.183,1,1,0.4,1,0
img_52,5e90f207f9c9d141f4b14def,Right,3.075,1,1,0.4,1,0
img_52,5a140bdc5d06850001b007bd,Right,5.419,2,1,0.4,1,0
img_52,5f2351d2da440d0575c75dec,Right,1.445,1,1,0.4,1,0
img_52,5b74641086b60700014ef85c,Right,1.874,1,1,0.4,1,0
img_52,5f23525ad6bca511d420f843,Right,2.762,1,1,0.4,1,0
img_52,5dcb016991c2ba7e029b6545,Right,4.078,1,1,0.4,1,0
img_52,5eea4d6485ba010cd59c2107,Right,1.31,1,1,0.4,1,0
img_52,5ce998fda20e6000170c5ce8,Right,3.609,1,1,0.4,1,0
img_52,59d7a9a250f88f000161eb07,Right,5.714,1,1,0.4,1,0
img_52,5b910e2aa067840001b100af,Right,0,0,1,0.4,1,
img_52,5ad2d9fafb109b0001a32749,Right,6.462,4,1,0.4,1,0
img_52,5b69032cecb6340001b0cc05,Right,8.709,1,1,0.4,1,0
img_52,5f136401b1f46a36f39a8c72,Right,8.493,1,1,0.4,1,0
img_53,5d61c41048b8f1001915f01f,Right,2.002,1,1,0.8,1,0
img_53,5f12702f38faee1c06433bf8,Right,4.017,1,1,0.8,1,0
img_53,5e7885df81606d3f5e51cb5e,Right,7.946,4,1,0.8,1,0
img_53,5b74641086b60700014ef85c,Right,6.372,1,1,0.8,1,0
img_53,59d7a9a250f88f000161eb07,Right,6.611,2,1,0.8,1,0
img_54,5d61c41048b8f1001915f01f,Right,4.917,1,1,0.4,1,0
img_54,5ea96851a879f0059741c4cb,Right,4.188,1,1,0.4,1,0
img_54,5eb07222f887980fd34f6889,Right,6.355,2,1,0.4,1,0
img_54,5f12702f38faee1c06433bf8,Right,7.93,1,1,0.4,1,0
img_54,5e7885df81606d3f5e51cb5e,Right,9.446,4,1,0.4,1,0
img_54,5f2351d2da440d0575c75dec,Right,6.121,1,1,0.4,1,0
img_54,5b74641086b60700014ef85c,Right,7.482,1,1,0.4,1,0
img_54,5d92b4debda22b00179a2edf,Right,3.147,1,1,0.4,1,0
img_54,5ce998fda20e6000170c5ce8,Right,4.959,3,1,0.4,1,0
img_54,5ecfdd84dc64e1061b97e321,Right,5.695,1,1,0.4,1,0
img_54,5f033543945c554f816f6ad7,Right,8.356,1,1,0.4,1,0